{
  "annotations": {
    "list": [
      {
        "builtIn": 1,
        "datasource": {
          "type": "grafana",
          "uid": "-- Grafana --"
        },
        "enable": true,
        "hide": true,
        "iconColor": "rgba(0, 211, 255, 1)",
        "name": "Annotations & Alerts",
        "type": "dashboard"
      }
    ]
  },
  "description": "Visualize k6 OSS results stored in Prometheus with Native Histograms.",
  "editable": true,
  "fiscalYearStartMonth": 0,
  "graphTooltip": 0,
  "links": [
    {
      "asDropdown": false,
      "icon": "external link",
      "includeVars": false,
      "keepTime": false,
      "tags": [],
      "targetBlank": true,
      "title": "Grafana k6 OSS Docs: Prometheus Remote Write",
      "tooltip": "Open docs in a new tab",
      "type": "link",
      "url": "https://k6.io/docs/results-output/real-time/prometheus-remote-write/"
    }
  ],
  "liveNow": false,
  "panels": [
    {
      "datasource": {
        "type": "prometheus",
        "uid": "${DS_PROMETHEUS}"
      },
      "fieldConfig": {
        "defaults": {
          "color": {
            "mode": "palette-classic"
          },
          "custom": {
            "axisCenteredZero": false,
            "axisColorMode": "text",
            "axisLabel": "",
            "axisPlacement": "auto",
            "barAlignment": 0,
            "drawStyle": "line",
            "fillOpacity": 0,
            "gradientMode": "none",
            "hideFrom": {
              "legend": false,
              "tooltip": false,
              "viz": false
            },
            "insertNulls": false,
            "lineInterpolation": "linear",
            "lineWidth": 1,
            "pointSize": 5,
            "scaleDistribution": {
              "type": "linear"
            },
            "showPoints": "auto",
            "spanNulls": false,
            "stacking": {
              "group": "A",
              "mode": "none"
            },
            "thresholdsStyle": {
              "mode": "off"
            }
          },
          "mappings": [],
          "thresholds": {
            "mode": "absolute",
            "steps": [
              {
                "color": "green",
                "value": null
              }
            ]
          }
        },
        "overrides": [
          {
            "matcher": {
              "id": "byName",
              "options": "http_req_s_errors"
            },
            "properties": [
              {
                "id": "color",
                "value": {
                  "fixedColor": "red",
                  "mode": "fixed"
                }
              },
              {
                "id": "custom.lineStyle",
                "value": {
                  "dash": [
                    10,
                    10
                  ],
                  "fill": "dash"
                }
              },
              {
                "id": "custom.axisPlacement",
                "value": "right"
              },
              {
                "id": "unit",
                "value": "reqps"
              }
            ]
          },
          {
            "matcher": {
              "id": "byName",
              "options": "http_req_s"
            },
            "properties": [
              {
                "id": "unit",
                "value": "reqps"
              },
              {
                "id": "custom.axisPlacement",
                "value": "right"
              },
              {
                "id": "color",
                "value": {
                  "fixedColor": "yellow",
                  "mode": "fixed"
                }
              },
              {
                "id": "custom.lineStyle",
                "value": {
                  "dash": [
                    10,
                    10
                  ],
                  "fill": "dash"
                }
              }
            ]
          },
          {
            "matcher": {
              "id": "byName",
              "options": "vus"
            },
            "properties": [
              {
                "id": "color",
                "value": {
                  "mode": "fixed"
                }
              },
              {
                "id": "unit",
                "value": "VUs"
              }
            ]
          },
          {
            "matcher": {
              "id": "byRegexp",
              "options": "http_req_duration_q.*"
            },
            "properties": [
              {
                "id": "unit",
                "value": "s"
              },
              {
                "id": "custom.axisPlacement",
                "value": "right"
              },
              {
                "id": "color",
                "value": {
                  "fixedColor": "blue",
                  "mode": "fixed"
                }
              }
            ]
          }
        ]
      },
      "gridPos": {
        "h": 11,
        "w": 24,
        "x": 0,
        "y": 0
      },
      "id": 10,
      "options": {
        "legend": {
          "calcs": [],
          "displayMode": "list",
          "placement": "bottom",
          "showLegend": true
        },
        "tooltip": {
          "mode": "single",
          "sort": "none"
        }
      },
      "targets": [
        {
          "datasource": {
            "type": "prometheus",
            "uid": "${DS_PROMETHEUS}"
          },
          "editorMode": "code",
          "expr": "sum(k6_vus{testid=~\"$testid\"})",
          "instant": false,
          "legendFormat": "vus",
          "range": true,
          "refId": "A"
        },
        {
          "datasource": {
            "type": "prometheus",
            "uid": "${DS_PROMETHEUS}"
          },
          "editorMode": "code",
          "expr": "histogram_quantile($quantile, sum (rate(k6_http_req_duration_seconds{testid=~\"$testid\"}[$__rate_interval])))",
          "hide": false,
          "instant": false,
          "legendFormat": "http_req_duration_q$quantile",
          "range": true,
          "refId": "C"
        },
        {
          "datasource": {
            "type": "prometheus",
            "uid": "${DS_PROMETHEUS}"
          },
          "editorMode": "code",
          "expr": "sum(irate(k6_http_reqs_total{testid=~\"$testid\"}[$__rate_interval]))",
          "hide": false,
          "instant": false,
          "legendFormat": "http_req_s",
          "range": true,
          "refId": "B"
        },
        {
          "datasource": {
            "type": "prometheus",
            "uid": "${DS_PROMETHEUS}"
          },
          "editorMode": "code",
          "expr": "avg(round(k6_http_req_failed_rate{testid=~\"$testid\"}, 0.1)*100)",
          "hide": true,
          "instant": false,
          "legendFormat": "http_req_failed",
          "range": true,
          "refId": "E"
        },
        {
          "datasource": {
            "type": "prometheus",
            "uid": "${DS_PROMETHEUS}"
          },
          "editorMode": "code",
          "expr": "sum(irate(k6_http_reqs_total{testid=~\"$testid\", expected_response=\"false\"}[$__rate_interval]))",
          "hide": false,
          "instant": false,
          "legendFormat": "http_req_s_errors",
          "range": true,
          "refId": "D"
        }
      ],
      "title": "Performance Overview",
      "type": "timeseries"
    },
    {
      "collapsed": false,
      "gridPos": {
        "h": 1,
        "w": 24,
        "x": 0,
        "y": 11
      },
      "id": 1,
      "panels": [],
      "title": "Performance Overview",
      "type": "row"
    },
    {
      "datasource": {
        "type": "prometheus",
        "uid": "${DS_PROMETHEUS}"
      },
      "fieldConfig": {
        "defaults": {
          "color": {
            "mode": "thresholds"
          },
          "mappings": [],
          "thresholds": {
            "mode": "absolute",
            "steps": [
              {
                "color": "green",
                "value": null
              }
            ]
          },
          "unit": "none"
        },
        "overrides": []
      },
      "gridPos": {
        "h": 3,
        "w": 6,
        "x": 0,
        "y": 12
      },
      "id": 4,
      "options": {
        "colorMode": "value",
        "graphMode": "none",
        "justifyMode": "auto",
        "orientation": "auto",
        "reduceOptions": {
          "calcs": [],
          "fields": "",
          "values": false
        },
        "textMode": "auto"
      },
      "pluginVersion": "10.1.2",
      "targets": [
        {
          "datasource": {
            "type": "prometheus",
            "uid": "${DS_PROMETHEUS}"
          },
          "editorMode": "code",
          "expr": "sum(k6_http_reqs_total{testid=~\"$testid\"})",
          "instant": false,
          "legendFormat": "__auto",
          "range": true,
          "refId": "A"
        }
      ],
      "title": "HTTP requests",
      "type": "stat"
    },
    {
      "datasource": {
        "type": "prometheus",
        "uid": "${DS_PROMETHEUS}"
      },
      "fieldConfig": {
        "defaults": {
          "color": {
            "fixedColor": "red",
            "mode": "fixed"
          },
          "mappings": [],
          "thresholds": {
            "mode": "absolute",
            "steps": [
              {
                "color": "green",
                "value": null
              }
            ]
          },
          "unit": "none"
        },
        "overrides": []
      },
      "gridPos": {
        "h": 3,
        "w": 6,
        "x": 6,
        "y": 12
      },
      "id": 22,
      "options": {
        "colorMode": "value",
        "graphMode": "none",
        "justifyMode": "auto",
        "orientation": "auto",
        "reduceOptions": {
          "calcs": [],
          "fields": "",
          "values": false
        },
        "textMode": "auto"
      },
      "pluginVersion": "10.1.2",
      "targets": [
        {
          "datasource": {
            "type": "prometheus",
            "uid": "${DS_PROMETHEUS}"
          },
          "editorMode": "code",
          "expr": "sum(k6_http_reqs_total{testid=~\"$testid\", expected_response=\"false\"})",
          "instant": false,
          "legendFormat": "__auto",
          "range": true,
          "refId": "A"
        }
      ],
      "title": "HTTP request failures",
      "type": "stat"
    },
    {
      "datasource": {
        "type": "prometheus",
        "uid": "${DS_PROMETHEUS}"
      },
      "fieldConfig": {
        "defaults": {
          "color": {
            "mode": "thresholds"
          },
          "mappings": [],
          "thresholds": {
            "mode": "absolute",
            "steps": [
              {
                "color": "green",
                "value": null
              }
            ]
          },
          "unit": "reqps"
        },
        "overrides": []
      },
      "gridPos": {
        "h": 3,
        "w": 6,
        "x": 12,
        "y": 12
      },
      "id": 20,
      "options": {
        "colorMode": "value",
        "graphMode": "none",
        "justifyMode": "auto",
        "orientation": "auto",
        "reduceOptions": {
          "calcs": [],
          "fields": "",
          "values": false
        },
        "textMode": "auto"
      },
      "pluginVersion": "10.1.2",
      "targets": [
        {
          "datasource": {
            "type": "prometheus",
            "uid": "${DS_PROMETHEUS}"
          },
          "editorMode": "code",
          "expr": "sum(irate(k6_http_reqs_total{testid=~\"$testid\"}[$__rate_interval]))",
          "instant": false,
          "legendFormat": "__auto",
          "range": true,
          "refId": "A"
        }
      ],
      "title": "Peak RPS",
      "type": "stat"
    },
    {
      "datasource": {
        "type": "prometheus",
        "uid": "${DS_PROMETHEUS}"
      },
      "description": "Select a different quantile to change the query",
      "fieldConfig": {
        "defaults": {
          "color": {
            "mode": "thresholds"
          },
          "mappings": [],
          "thresholds": {
            "mode": "absolute",
            "steps": [
              {
                "color": "green",
                "value": null
              }
            ]
          },
          "unit": "s"
        },
        "overrides": []
      },
      "gridPos": {
        "h": 3,
        "w": 6,
        "x": 18,
        "y": 12
      },
      "id": 21,
      "options": {
        "colorMode": "value",
        "graphMode": "none",
        "justifyMode": "auto",
        "orientation": "auto",
        "reduceOptions": {
          "calcs": [],
          "fields": "",
          "values": false
        },
        "textMode": "auto"
      },
      "pluginVersion": "10.1.2",
      "targets": [
        {
          "datasource": {
            "type": "prometheus",
            "uid": "${DS_PROMETHEUS}"
          },
          "editorMode": "code",
          "expr": "histogram_quantile($quantile, sum (rate(k6_http_req_duration_seconds{testid=~\"$testid\"}[$__rate_interval])))",
          "instant": false,
          "legendFormat": "__auto",
          "range": true,
          "refId": "A"
        }
      ],
      "title": "HTTP Request Duration",
      "type": "stat"
    },
    {
      "datasource": {
        "type": "prometheus",
        "uid": "${DS_PROMETHEUS}"
      },
      "fieldConfig": {
        "defaults": {
          "color": {
            "mode": "palette-classic"
          },
          "custom": {
            "axisCenteredZero": false,
            "axisColorMode": "text",
            "axisLabel": "",
            "axisPlacement": "auto",
            "barAlignment": 0,
            "drawStyle": "line",
            "fillOpacity": 0,
            "gradientMode": "none",
            "hideFrom": {
              "legend": false,
              "tooltip": false,
              "viz": false
            },
            "insertNulls": false,
            "lineInterpolation": "linear",
            "lineWidth": 1,
            "pointSize": 5,
            "scaleDistribution": {
              "type": "linear"
            },
            "showPoints": "auto",
            "spanNulls": false,
            "stacking": {
              "group": "A",
              "mode": "none"
            },
            "thresholdsStyle": {
              "mode": "off"
            }
          },
          "mappings": [],
          "thresholds": {
            "mode": "absolute",
            "steps": [
              {
                "color": "green",
                "value": null
              }
            ]
          },
          "unit": "bytes"
        },
        "overrides": []
      },
      "gridPos": {
        "h": 8,
        "w": 12,
        "x": 0,
        "y": 15
      },
      "id": 8,
      "options": {
        "legend": {
          "calcs": [],
          "displayMode": "list",
          "placement": "bottom",
          "showLegend": true
        },
        "tooltip": {
          "mode": "single",
          "sort": "none"
        }
      },
      "targets": [
        {
          "datasource": {
            "type": "prometheus",
            "uid": "${DS_PROMETHEUS}"
          },
          "editorMode": "code",
          "expr": "avg(irate(k6_data_sent_total{testid=~\"$testid\"}[$__rate_interval]))",
          "instant": false,
          "legendFormat": "data_sent",
          "range": true,
          "refId": "A"
        },
        {
          "datasource": {
            "type": "prometheus",
            "uid": "${DS_PROMETHEUS}"
          },
          "editorMode": "code",
          "exemplar": false,
          "expr": "avg(irate(k6_data_received_total{testid=~\"$testid\"}[$__rate_interval]))",
          "hide": false,
          "instant": false,
          "legendFormat": "data_received",
          "range": true,
          "refId": "B"
        }
      ],
      "title": "Transfer Rate",
      "type": "timeseries"
    },
    {
      "datasource": {
        "type": "prometheus",
        "uid": "${DS_PROMETHEUS}"
      },
      "fieldConfig": {
        "defaults": {
          "color": {
            "mode": "palette-classic"
          },
          "custom": {
            "axisCenteredZero": false,
            "axisColorMode": "text",
            "axisLabel": "",
            "axisPlacement": "auto",
            "barAlignment": 0,
            "drawStyle": "line",
            "fillOpacity": 0,
            "gradientMode": "none",
            "hideFrom": {
              "legend": false,
              "tooltip": false,
              "viz": false
            },
            "insertNulls": false,
            "lineInterpolation": "linear",
            "lineWidth": 1,
            "pointSize": 5,
            "scaleDistribution": {
              "type": "linear"
            },
            "showPoints": "auto",
            "spanNulls": false,
            "stacking": {
              "group": "A",
              "mode": "none"
            },
            "thresholdsStyle": {
              "mode": "off"
            }
          },
          "mappings": [],
          "thresholds": {
            "mode": "absolute",
            "steps": [
              {
                "color": "green",
                "value": null
              }
            ]
          },
          "unit": "s"
        },
        "overrides": [
          {
            "matcher": {
              "id": "byName",
              "options": "dropped_iterations"
            },
            "properties": [
              {
                "id": "unit",
                "value": "none"
              }
            ]
          }
        ]
      },
      "gridPos": {
        "h": 8,
        "w": 12,
        "x": 12,
        "y": 15
      },
      "id": 9,
      "options": {
        "legend": {
          "calcs": [],
          "displayMode": "list",
          "placement": "bottom",
          "showLegend": true
        },
        "tooltip": {
          "mode": "single",
          "sort": "none"
        }
      },
      "targets": [
        {
          "datasource": {
            "type": "prometheus",
            "uid": "${DS_PROMETHEUS}"
          },
          "editorMode": "code",
          "expr": "histogram_quantile($quantile, sum (rate(k6_iteration_duration_seconds{testid=~\"$testid\"}[$__rate_interval])))",
          "instant": false,
          "legendFormat": "iteration_duration_q$quantile",
          "range": true,
          "refId": "A"
        },
        {
          "datasource": {
            "type": "prometheus",
            "uid": "${DS_PROMETHEUS}"
          },
          "editorMode": "code",
          "exemplar": false,
          "expr": "avg(k6_dropped_iterations_total{testid=~\"$testid\"})",
          "hide": false,
          "instant": false,
          "legendFormat": "dropped_iterations",
          "range": true,
          "refId": "B"
        }
      ],
      "title": "Iterations",
      "type": "timeseries"
    },
    {
      "collapsed": false,
      "gridPos": {
        "h": 1,
        "w": 24,
        "x": 0,
        "y": 23
      },
      "id": 16,
      "panels": [],
      "title": "HTTP",
      "type": "row"
    },
    {
      "datasource": {
        "type": "prometheus",
        "uid": "${DS_PROMETHEUS}"
      },
      "description": "Select a different quantile to change the query\n\n<a href=\"https://k6.io/docs/using-k6/metrics/reference/#http\" target=\"_blank\">HTTP-specific built-in metrics</a>",
      "fieldConfig": {
        "defaults": {
          "color": {
            "mode": "palette-classic"
          },
          "custom": {
            "axisCenteredZero": false,
            "axisColorMode": "text",
            "axisLabel": "",
            "axisPlacement": "auto",
            "barAlignment": 0,
            "drawStyle": "line",
            "fillOpacity": 0,
            "gradientMode": "none",
            "hideFrom": {
              "legend": false,
              "tooltip": false,
              "viz": false
            },
            "insertNulls": false,
            "lineInterpolation": "linear",
            "lineWidth": 1,
            "pointSize": 5,
            "scaleDistribution": {
              "type": "linear"
            },
            "showPoints": "auto",
            "spanNulls": false,
            "stacking": {
              "group": "A",
              "mode": "none"
            },
            "thresholdsStyle": {
              "mode": "off"
            }
          },
          "mappings": [],
          "thresholds": {
            "mode": "absolute",
            "steps": [
              {
                "color": "green",
                "value": null
              }
            ]
          },
          "unit": "s"
        },
        "overrides": [
          {
            "matcher": {
              "id": "byRegexp",
              "options": "http_req_duration_[a-zA-Z0-9_]+"
            },
            "properties": [
              {
                "id": "color",
                "value": {
                  "fixedColor": "blue",
                  "mode": "fixed"
                }
              }
            ]
          }
        ]
      },
      "gridPos": {
        "h": 8,
        "w": 8,
        "x": 0,
        "y": 24
      },
      "id": 14,
      "options": {
        "legend": {
          "calcs": [],
          "displayMode": "list",
          "placement": "bottom",
          "showLegend": true
        },
        "tooltip": {
          "mode": "single",
          "sort": "none"
        }
      },
      "targets": [
        {
          "datasource": {
            "type": "prometheus",
            "uid": "${DS_PROMETHEUS}"
          },
          "editorMode": "code",
          "expr": "histogram_quantile($quantile, sum (rate(k6_http_req_blocked_seconds{testid=~\"$testid\"}[$__rate_interval])))",
          "hide": false,
          "instant": false,
          "legendFormat": "http_req_blocked_q$quantile",
          "range": true,
          "refId": "B"
        },
        {
          "datasource": {
            "type": "prometheus",
            "uid": "${DS_PROMETHEUS}"
          },
          "editorMode": "code",
          "expr": "histogram_quantile($quantile, sum (rate(k6_http_req_tls_handshaking_seconds{testid=~\"$testid\"}[$__rate_interval])))",
          "hide": false,
          "instant": false,
          "legendFormat": "http_req_tls_handshaking_q$quantile",
          "range": true,
          "refId": "C"
        },
        {
          "datasource": {
            "type": "prometheus",
            "uid": "${DS_PROMETHEUS}"
          },
          "editorMode": "code",
          "expr": "histogram_quantile($quantile, sum (rate(k6_http_req_sending_seconds{testid=~\"$testid\"}[$__rate_interval])))",
          "hide": false,
          "instant": false,
          "legendFormat": "http_req_sending_q$quantile",
          "range": true,
          "refId": "D"
        },
        {
          "datasource": {
            "type": "prometheus",
            "uid": "${DS_PROMETHEUS}"
          },
          "editorMode": "code",
          "expr": "histogram_quantile($quantile, sum (rate(k6_http_req_waiting_seconds{testid=~\"$testid\"}[$__rate_interval])))",
          "hide": false,
          "instant": false,
          "legendFormat": "http_req_waiting_q$quantile",
          "range": true,
          "refId": "E"
        },
        {
          "datasource": {
            "type": "prometheus",
            "uid": "${DS_PROMETHEUS}"
          },
          "editorMode": "code",
          "expr": "histogram_quantile($quantile, sum (rate(k6_http_req_receiving_seconds{testid=~\"$testid\"}[$__rate_interval])))",
          "hide": false,
          "instant": false,
          "legendFormat": "http_req_receiving_q$quantile",
          "range": true,
          "refId": "F"
        },
        {
          "datasource": {
            "type": "prometheus",
            "uid": "${DS_PROMETHEUS}"
          },
          "editorMode": "code",
          "expr": "histogram_quantile($quantile, sum (rate(k6_http_req_duration_seconds{testid=~\"$testid\"}[$__rate_interval])))",
          "hide": false,
          "instant": false,
          "legendFormat": "http_req_duration_q$quantile",
          "range": true,
          "refId": "A"
        }
      ],
      "title": "HTTP Latency Timings",
      "type": "timeseries"
    },
    {
      "datasource": {
        "type": "prometheus",
        "uid": "${DS_PROMETHEUS}"
      },
      "description": "Select a different quantile to change the query",
      "fieldConfig": {
        "defaults": {
          "color": {
            "mode": "palette-classic"
          },
          "custom": {
            "axisCenteredZero": false,
            "axisColorMode": "text",
            "axisLabel": "",
            "axisPlacement": "auto",
            "axisSoftMin": 0,
            "barAlignment": 0,
            "drawStyle": "line",
            "fillOpacity": 0,
            "gradientMode": "none",
            "hideFrom": {
              "legend": false,
              "tooltip": false,
              "viz": false
            },
            "insertNulls": false,
            "lineInterpolation": "linear",
            "lineWidth": 1,
            "pointSize": 5,
            "scaleDistribution": {
              "type": "linear"
            },
            "showPoints": "auto",
            "spanNulls": false,
            "stacking": {
              "group": "A",
              "mode": "none"
            },
            "thresholdsStyle": {
              "mode": "off"
            }
          },
          "mappings": [],
          "thresholds": {
            "mode": "absolute",
            "steps": [
              {
                "color": "green",
                "value": null
              }
            ]
          },
          "unit": "s"
        },
        "overrides": [
          {
            "matcher": {
              "id": "byRegexp",
              "options": "errors_http_req_duration_q.*"
            },
            "properties": [
              {
                "id": "color",
                "value": {
                  "fixedColor": "red",
                  "mode": "fixed"
                }
              }
            ]
          },
          {
            "matcher": {
              "id": "byRegexp",
              "options": "success_http_req_duration_q.*"
            },
            "properties": [
              {
                "id": "color",
                "value": {
                  "fixedColor": "green",
                  "mode": "fixed"
                }
              }
            ]
          },
          {
            "matcher": {
              "id": "byRegexp",
              "options": "http_req_duration_q.*"
            },
            "properties": [
              {
                "id": "color",
                "value": {
                  "fixedColor": "blue",
                  "mode": "fixed"
                }
              }
            ]
          }
        ]
      },
      "gridPos": {
        "h": 8,
        "w": 8,
        "x": 8,
        "y": 24
      },
      "id": 15,
      "options": {
        "legend": {
          "calcs": [],
          "displayMode": "list",
          "placement": "bottom",
          "showLegend": true
        },
        "tooltip": {
          "mode": "single",
          "sort": "none"
        }
      },
      "targets": [
        {
          "datasource": {
            "type": "prometheus",
            "uid": "${DS_PROMETHEUS}"
          },
          "editorMode": "code",
          "expr": "histogram_quantile($quantile, sum ((rate(k6_http_req_duration_seconds{testid=~\"$testid\"}[$__rate_interval]))))",
          "hide": false,
          "instant": false,
          "legendFormat": "http_req_duration_q$quantile",
          "range": true,
          "refId": "A"
        },
        {
          "datasource": {
            "type": "prometheus",
            "uid": "${DS_PROMETHEUS}"
          },
          "editorMode": "code",
          "expr": "histogram_quantile($quantile, sum (rate(k6_http_req_waiting_seconds{testid=~\"$testid\", expected_response=\"true\"}[$__rate_interval])))",
          "instant": false,
          "legendFormat": "success_http_req_duration_q$quantile",
          "range": true,
          "refId": "C"
        },
        {
          "datasource": {
            "type": "prometheus",
            "uid": "${DS_PROMETHEUS}"
          },
          "editorMode": "code",
          "expr": "histogram_quantile($quantile, sum (rate(k6_http_req_waiting_seconds{testid=~\"$testid\", expected_response=\"false\"}[$__rate_interval])))",
          "hide": false,
          "instant": false,
          "legendFormat": "errors_http_req_duration_q$quantile",
          "range": true,
          "refId": "B"
        }
      ],
      "title": "HTTP Latency Stats",
      "type": "timeseries"
    },
    {
      "datasource": {
        "type": "prometheus",
        "uid": "${DS_PROMETHEUS}"
      },
      "description": "",
      "fieldConfig": {
        "defaults": {
          "color": {
            "mode": "palette-classic"
          },
          "custom": {
            "axisCenteredZero": false,
            "axisColorMode": "text",
            "axisLabel": "",
            "axisPlacement": "auto",
            "axisSoftMin": 0,
            "barAlignment": 0,
            "drawStyle": "line",
            "fillOpacity": 0,
            "gradientMode": "none",
            "hideFrom": {
              "legend": false,
              "tooltip": false,
              "viz": false
            },
            "insertNulls": false,
            "lineInterpolation": "linear",
            "lineWidth": 1,
            "pointSize": 5,
            "scaleDistribution": {
              "type": "linear"
            },
            "showPoints": "auto",
            "spanNulls": false,
            "stacking": {
              "group": "A",
              "mode": "none"
            },
            "thresholdsStyle": {
              "mode": "off"
            }
          },
          "mappings": [],
          "thresholds": {
            "mode": "absolute",
            "steps": [
              {
                "color": "green",
                "value": null
              }
            ]
          },
          "unit": "reqps"
        },
        "overrides": [
          {
            "matcher": {
              "id": "byName",
              "options": "http_req_s_errors"
            },
            "properties": [
              {
                "id": "color",
                "value": {
                  "fixedColor": "red",
                  "mode": "fixed"
                }
              },
              {
                "id": "custom.lineStyle",
                "value": {
                  "dash": [
                    10,
                    10
                  ],
                  "fill": "dash"
                }
              }
            ]
          },
          {
            "matcher": {
              "id": "byName",
              "options": "http_req_s"
            },
            "properties": [
              {
                "id": "color",
                "value": {
                  "fixedColor": "yellow",
                  "mode": "fixed"
                }
              },
              {
                "id": "custom.lineStyle",
                "value": {
                  "dash": [
                    10,
                    10
                  ],
                  "fill": "dash"
                }
              }
            ]
          },
          {
            "matcher": {
              "id": "byName",
              "options": "http_req_s_success"
            },
            "properties": [
              {
                "id": "custom.lineStyle",
                "value": {
                  "dash": [
                    10,
                    10
                  ],
                  "fill": "dash"
                }
              },
              {
                "id": "color",
                "value": {
                  "fixedColor": "green",
                  "mode": "fixed"
                }
              }
            ]
          }
        ]
      },
      "gridPos": {
        "h": 8,
        "w": 8,
        "x": 16,
        "y": 24
      },
      "id": 18,
      "options": {
        "legend": {
          "calcs": [],
          "displayMode": "list",
          "placement": "bottom",
          "showLegend": true
        },
        "tooltip": {
          "mode": "single",
          "sort": "none"
        }
      },
      "targets": [
        {
          "datasource": {
            "type": "prometheus",
            "uid": "${DS_PROMETHEUS}"
          },
          "editorMode": "code",
          "expr": "sum(irate(k6_http_reqs_total{testid=~\"$testid\"}[$__rate_interval]))",
          "instant": false,
          "legendFormat": "http_req_s",
          "range": true,
          "refId": "A"
        },
        {
          "datasource": {
            "type": "prometheus",
            "uid": "${DS_PROMETHEUS}"
          },
          "editorMode": "code",
          "expr": "sum(irate(k6_http_reqs_total{testid=~\"$testid\", expected_response=\"false\"}[$__rate_interval]))",
          "hide": false,
          "instant": false,
          "legendFormat": "http_req_s_errors",
          "range": true,
          "refId": "B"
        },
        {
          "datasource": {
            "type": "prometheus",
            "uid": "${DS_PROMETHEUS}"
          },
          "editorMode": "code",
          "expr": "sum(irate(k6_http_reqs_total{testid=~\"$testid\", expected_response=\"true\"}[$__rate_interval]))",
          "hide": false,
          "instant": false,
          "legendFormat": "http_req_s_success",
          "range": true,
          "refId": "C"
        }
      ],
      "title": "HTTP Request Rate",
      "type": "timeseries"
    },
    {
      "datasource": {
        "type": "prometheus",
        "uid": "${DS_PROMETHEUS}"
      },
      "description": "min/max/p95/p99 depends on the available Quantile Stats",
      "fieldConfig": {
        "defaults": {
          "color": {
            "mode": "thresholds"
          },
          "custom": {
            "align": "auto",
            "cellOptions": {
              "type": "auto"
            },
            "inspect": false
          },
          "mappings": [],
          "thresholds": {
            "mode": "absolute",
            "steps": [
              {
                "color": "green",
                "value": null
              }
            ]
          }
        },
        "overrides": [
          {
            "matcher": {
              "id": "byName",
              "options": "name"
            },
            "properties": [
              {
                "id": "filterable",
                "value": false
              }
            ]
          },
          {
            "matcher": {
              "id": "byName",
              "options": "method"
            },
            "properties": [
              {
                "id": "filterable",
                "value": false
              }
            ]
          },
          {
            "matcher": {
              "id": "byName",
              "options": "status"
            },
            "properties": [
              {
                "id": "filterable",
                "value": false
              }
            ]
          },
          {
            "matcher": {
              "id": "byName",
              "options": "min"
            },
            "properties": [
              {
                "id": "unit",
                "value": "s"
              }
            ]
          },
          {
            "matcher": {
              "id": "byName",
              "options": "max"
            },
            "properties": [
              {
                "id": "unit",
                "value": "s"
              }
            ]
          },
          {
            "matcher": {
              "id": "byName",
              "options": "p95"
            },
            "properties": [
              {
                "id": "unit",
                "value": "s"
              }
            ]
          },
          {
            "matcher": {
              "id": "byName",
              "options": "p99"
            },
            "properties": [
              {
                "id": "unit",
                "value": "s"
              }
            ]
          }
        ]
      },
      "gridPos": {
        "h": 7,
        "w": 24,
        "x": 0,
        "y": 32
      },
      "id": 17,
      "options": {
        "cellHeight": "sm",
        "footer": {
          "countRows": false,
          "enablePagination": true,
          "fields": "",
          "reducer": [
            "sum"
          ],
          "show": false
        },
        "frameIndex": 2,
        "showHeader": true
      },
      "pluginVersion": "10.1.2",
      "targets": [
        {
          "datasource": {
            "type": "prometheus",
            "uid": "${DS_PROMETHEUS}"
          },
          "editorMode": "code",
          "expr": "histogram_quantile(0, sum by(name, method, status) (rate(k6_http_req_duration_seconds{testid=~\"$testid\"}[$__rate_interval])))",
          "format": "table",
          "hide": false,
          "instant": false,
          "legendFormat": "min",
          "range": true,
          "refId": "B"
        },
        {
          "datasource": {
            "type": "prometheus",
            "uid": "${DS_PROMETHEUS}"
          },
          "editorMode": "code",
          "expr": "histogram_quantile(1, sum by(name, method, status) (rate(k6_http_req_duration_seconds{testid=~\"$testid\"}[$__rate_interval])))",
          "format": "table",
          "hide": false,
          "instant": false,
          "legendFormat": "max",
          "range": true,
          "refId": "C"
        },
        {
          "datasource": {
            "type": "prometheus",
            "uid": "${DS_PROMETHEUS}"
          },
          "editorMode": "code",
          "expr": "histogram_quantile(0.95, sum by(name, method, status) (rate(k6_http_req_duration_seconds{testid=~\"$testid\"}[$__rate_interval])))",
          "format": "table",
          "hide": false,
          "instant": false,
          "legendFormat": "p95",
          "range": true,
          "refId": "D"
        },
        {
          "datasource": {
            "type": "prometheus",
            "uid": "${DS_PROMETHEUS}"
          },
          "editorMode": "code",
          "expr": "histogram_quantile(0.99, sum by(name, method, status) (rate(k6_http_req_duration_seconds{testid=~\"$testid\"}[$__rate_interval])))",
          "format": "table",
          "hide": false,
          "instant": false,
          "legendFormat": "__auto",
          "range": true,
          "refId": "E"
        }
      ],
      "title": "Requests by URL",
      "transformations": [
        {
          "id": "merge",
          "options": {}
        },
        {
          "id": "groupBy",
          "options": {
            "fields": {
              "Value #B": {
                "aggregations": [
                  "min"
                ],
                "operation": "aggregate"
              },
              "Value #C": {
                "aggregations": [
                  "max"
                ],
                "operation": "aggregate"
              },
              "Value #D": {
                "aggregations": [
                  "mean"
                ],
                "operation": "aggregate"
              },
              "Value #E": {
                "aggregations": [
                  "mean"
                ],
                "operation": "aggregate"
              },
              "method": {
                "aggregations": [],
                "operation": "groupby"
              },
              "name": {
                "aggregations": [],
                "operation": "groupby"
              },
              "status": {
                "aggregations": [],
                "operation": "groupby"
              }
            }
          }
        },
        {
          "id": "organize",
          "options": {
            "excludeByName": {
              "Time": true
            },
            "indexByName": {
              "Time": 0,
              "Value #B": 4,
              "Value #C": 5,
              "Value #D": 6,
              "Value #E": 7,
              "method": 2,
              "name": 1,
              "status": 3
            },
            "renameByName": {
              "Value #B": "min",
              "Value #B (min)": "min",
              "Value #C": "max",
              "Value #C (max)": "max",
              "Value #D": "p95",
              "Value #D (mean)": "p95",
              "Value #E": "p99",
              "Value #E (mean)": "p99"
            }
          }
        }
      ],
      "type": "table"
    },
    {
      "collapsed": false,
      "gridPos": {
        "h": 1,
        "w": 24,
        "x": 0,
        "y": 39
      },
      "id": 11,
      "panels": [],
      "title": "Checks",
      "type": "row"
    },
    {
      "datasource": {
        "type": "prometheus",
        "uid": "${DS_PROMETHEUS}"
      },
      "fieldConfig": {
        "defaults": {
          "color": {
            "mode": "thresholds"
          },
          "custom": {
            "align": "auto",
            "cellOptions": {
              "type": "auto"
            },
            "inspect": false
          },
          "mappings": [],
          "thresholds": {
            "mode": "absolute",
            "steps": [
              {
                "color": "green",
                "value": null
              }
            ]
          }
        },
        "overrides": [
          {
            "matcher": {
              "id": "byName",
              "options": "Success Rate"
            },
            "properties": [
              {
                "id": "custom.hidden",
                "value": false
              },
              {
                "id": "unit",
                "value": "%"
              }
            ]
          },
          {
            "matcher": {
              "id": "byName",
              "options": "Value (mean)"
            },
            "properties": [
              {
                "id": "custom.hidden",
                "value": true
              }
            ]
          },
          {
            "matcher": {
              "id": "byName",
              "options": "check"
            },
            "properties": [
              {
                "id": "filterable",
                "value": false
              }
            ]
          }
        ]
      },
      "gridPos": {
        "h": 8,
        "w": 12,
        "x": 0,
        "y": 40
      },
      "id": 12,
      "options": {
        "cellHeight": "sm",
        "footer": {
          "countRows": false,
          "enablePagination": true,
          "fields": "",
          "reducer": [
            "sum"
          ],
          "show": false
        },
        "frameIndex": 2,
        "showHeader": true,
        "sortBy": [
          {
            "desc": true,
            "displayName": "Value (count)"
          }
        ]
      },
      "pluginVersion": "10.1.2",
      "targets": [
        {
          "datasource": {
            "type": "prometheus",
            "uid": "${DS_PROMETHEUS}"
          },
          "editorMode": "code",
          "exemplar": false,
          "expr": "round(k6_checks_rate{testid=~\"$testid\"}, 0.1)",
          "format": "table",
          "instant": false,
          "legendFormat": "__auto",
          "range": true,
          "refId": "A"
        },
        {
          "datasource": {
            "type": "prometheus",
            "uid": "${DS_PROMETHEUS}"
          },
          "editorMode": "code",
          "expr": "round(k6_checks_rate{testid=~\"$testid\"}, 0.1)",
          "hide": true,
          "instant": false,
          "legendFormat": "__auto",
          "range": true,
          "refId": "B"
        }
      ],
      "title": "Checks list",
      "transformations": [
        {
          "id": "labelsToFields",
          "options": {
            "keepLabels": [
              "__name__",
              "check"
            ],
            "mode": "columns"
          }
        },
        {
          "id": "groupBy",
          "options": {
            "fields": {
              "Value": {
                "aggregations": [
                  "mean"
                ],
                "operation": "aggregate"
              },
              "check": {
                "aggregations": [],
                "operation": "groupby"
              },
              "k6_checks_rate": {
                "aggregations": [
                  "sum",
                  "count"
                ],
                "operation": "aggregate"
              }
            }
          }
        },
        {
          "id": "calculateField",
          "options": {
            "alias": "Success Rate",
            "binary": {
              "left": "Value (mean)",
              "operator": "*",
              "reducer": "sum",
              "right": "100"
            },
            "mode": "binary",
            "reduce": {
              "reducer": "sum"
            }
          }
        },
        {
          "id": "convertFieldType",
          "options": {
            "conversions": [],
            "fields": {}
          }
        }
      ],
      "type": "table"
    },
    {
      "datasource": {
        "type": "prometheus",
        "uid": "${DS_PROMETHEUS}"
      },
      "description": "Filter by check name to query a particular check",
      "fieldConfig": {
        "defaults": {
          "color": {
            "mode": "palette-classic"
          },
          "custom": {
            "axisCenteredZero": false,
            "axisColorMode": "text",
            "axisLabel": "",
            "axisPlacement": "auto",
            "axisSoftMax": 100,
            "axisSoftMin": 0,
            "barAlignment": -1,
            "drawStyle": "line",
            "fillOpacity": 0,
            "gradientMode": "none",
            "hideFrom": {
              "legend": false,
              "tooltip": false,
              "viz": false
            },
            "insertNulls": false,
            "lineInterpolation": "linear",
            "lineWidth": 2,
            "pointSize": 5,
            "scaleDistribution": {
              "type": "linear"
            },
            "showPoints": "auto",
            "spanNulls": false,
            "stacking": {
              "group": "A",
              "mode": "none"
            },
            "thresholdsStyle": {
              "mode": "off"
            }
          },
          "mappings": [],
          "thresholds": {
            "mode": "absolute",
            "steps": [
              {
                "color": "green",
                "value": null
              }
            ]
          },
          "unit": "%"
        },
        "overrides": []
      },
      "gridPos": {
        "h": 8,
        "w": 12,
        "x": 12,
        "y": 40
      },
      "id": 13,
      "options": {
        "legend": {
          "calcs": [],
          "displayMode": "list",
          "placement": "bottom",
          "showLegend": true
        },
        "tooltip": {
          "mode": "single",
          "sort": "none"
        }
      },
      "targets": [
        {
          "datasource": {
            "type": "prometheus",
            "uid": "${DS_PROMETHEUS}"
          },
          "editorMode": "code",
          "expr": "avg(round(k6_checks_rate{testid=~\"$testid\"}, 0.1)*100)",
          "instant": false,
          "legendFormat": "k6_checks_rate",
          "range": true,
          "refId": "A"
        }
      ],
      "title": "Checks Success Rate (aggregate individual checks)",
      "type": "timeseries"
    },
    {
      "datasource": {
        "type": "prometheus",
        "uid": "${DS_PROMETHEUS}"
      },
      "gridPos": {
        "h": 5,
        "w": 24,
        "x": 0,
        "y": 48
      },
      "id": 23,
      "options": {
        "code": {
          "language": "plaintext",
          "showLineNumbers": false,
          "showMiniMap": false
        },
        "content": "### Visualize other k6 results  \n\nAt the top of the dashboard, click `Add` and select `Visualization` from the dropdown menu. Choose the visualization type and input the PromQL queries for the `k6_` metric(s).\n\nAlternatively, click on the `Explore` icon on the menu bar and input the queries for the `k6_` metric(s). From `Explore`, you can add new Panels to this dashboard. \n\nNote that all <a href=\"https://k6.io/docs/using-k6/metrics/\" target=\"_blank\">k6 metrics</a> are prefixed with the `k6_` namespace when sent to Prometheus.",
        "mode": "markdown"
      },
      "pluginVersion": "10.1.2",
      "type": "text"
    }
  ],
  "refresh": "",
  "schemaVersion": 38,
  "style": "dark",
  "tags": [
    "prometheus",
    "k6",
    "native-histogram"
  ],
  "templating": {
    "list": [
      {
        "current": {
          "selected": false,
          "text": "prometheus",
          "value": "${DS_PROMETHEUS}"
        },
        "description": "Choose a Prometheus Data Source",
        "hide": 0,
        "includeAll": false,
        "label": "Prometheus DS",
        "multi": false,
        "name": "DS_PROMETHEUS",
        "options": [],
        "query": "prometheus",
        "queryValue": "",
        "refresh": 1,
        "regex": "",
        "skipUrlSync": false,
        "type": "datasource"
      },
      {
        "current": {
          "selected": true,
          "text": [
            "All"
          ],
          "value": [
            "$__all"
          ]
        },
        "datasource": {
          "type": "prometheus",
          "uid": "${DS_PROMETHEUS}"
        },
        "definition": "label_values(testid)",
        "description": "Filter by \"testid\" tag. Define it by tagging: k6 run --tag testid=xyz",
        "hide": 0,
        "includeAll": true,
        "label": "Test ID",
        "multi": true,
        "name": "testid",
        "options": [],
        "query": {
          "query": "label_values(testid)",
          "refId": "PrometheusVariableQueryEditor-VariableQuery"
        },
        "refresh": 2,
        "regex": "",
        "skipUrlSync": false,
        "sort": 0,
        "type": "query"
      },
      {
        "current": {
          "selected": false,
          "text": "0.99",
          "value": "0.99"
        },
        "description": "Statistic for Trend Metrics Queries. Calculate the φ-quantile (0 ≤ φ ≤ 1) in native histogram metrics.  0=min, 0.5=mean, 0.9=p90, 0.95=p95, 0.99=p99, 1=max",
        "hide": 0,
        "label": "Trend Metrics Query",
        "name": "quantile",
        "options": [
          {
            "selected": true,
            "text": "0.95",
            "value": "0.95"
          }
        ],
        "query": "0.99",
        "skipUrlSync": false,
        "type": "textbox"
      },
      {
        "datasource": {
          "type": "prometheus",
          "uid": "${DS_PROMETHEUS}"
        },
        "description": "Adhoc filters are applied to all panels. To enable it, go to Dashboard Settings / Variables / adhoc_filter and select the target Prometheus data source.",
        "filters": [],
        "hide": 0,
        "label": "AdhocFilter",
        "name": "adhoc_filter",
        "skipUrlSync": false,
        "type": "adhoc"
      }
    ]
  },
  "time": {
    "from": "now-15m",
    "to": "now"
  },
  "timepicker": {},
  "timezone": "",
  "title": "k6 Prometheus (Native Histograms)",
  "uid": "a3b2aaa8-bb66-4008-a1d8-16c49afedbf0",
  "version": 1,
  "weekStart": ""
}
