<settings xmlns:xsi="http://www.w3.org/2001/XMLSchema-instance"
          xmlns="http://maven.apache.org/SETTINGS/1.0.0"
          xsi:schemaLocation="http://maven.apache.org/SETTINGS/1.0.0
                              http://maven.apache.org/xsd/settings-1.0.0.xsd">

    <servers>
        <server>
            <id>github</id>
            <username>${env.GITHUB_USERNAME}</username>
            <password>${env.GITHUB_TOKEN}</password>
        </server>
    </servers>

    <profiles>
        <profile>
            <id>github-packages</id>
            <repositories>
                <repository>
                    <id>github</id>
                    <url>https://maven.pkg.github.com/weehong/checkstyle-rule</url>
                    <releases>
                        <enabled>true</enabled>
                    </releases>
                    <snapshots>
                        <enabled>true</enabled>
                    </snapshots>
                </repository>
            </repositories>
            <pluginRepositories>
                <pluginRepository>
                    <id>github</id>
                    <url>https://maven.pkg.github.com/weehong/checkstyle-rule</url>
                    <releases>
                        <enabled>true</enabled>
                    </releases>
                    <snapshots>
                        <enabled>true</enabled>
                    </snapshots>
                </pluginRepository>
            </pluginRepositories>
        </profile>
    </profiles>

    <activeProfiles>
        <activeProfile>github-packages</activeProfile>
    </activeProfiles>
</settings>
